file,line,column,type,code,message,docs,severity,link
.distignore,0,0,ERROR,hidden_files,"Hidden files are not permitted.",,8,
.gitignore,0,0,ERROR,hidden_files,"Hidden files are not permitted.",,8,
.env.example,0,0,ERROR,hidden_files,"Hidden files are not permitted.",,8,
scripts/package-plugin.sh,0,0,ERROR,application_detected,"Application files are not permitted.",,8,https://wordpress.misistema.com.co/wp-admin/plugin-editor.php?plugin=multiai-chatbot%2Fmultiai-chatbot.php&file=multiai-chatbot%2Fscripts%2Fpackage-plugin.sh
scripts/publish-release-v1.0.0.sh,0,0,ERROR,application_detected,"Application files are not permitted.",,8,https://wordpress.misistema.com.co/wp-admin/plugin-editor.php?plugin=multiai-chatbot%2Fmultiai-chatbot.php&file=multiai-chatbot%2Fscripts%2Fpublish-release-v1.0.0.sh
scripts/compile-languages.sh,0,0,ERROR,application_detected,"Application files are not permitted.",,8,https://wordpress.misistema.com.co/wp-admin/plugin-editor.php?plugin=multiai-chatbot%2Fmultiai-chatbot.php&file=multiai-chatbot%2Fscripts%2Fcompile-languages.sh
scripts/check-namespace.sh,0,0,ERROR,application_detected,"Application files are not permitted.",,8,https://wordpress.misistema.com.co/wp-admin/plugin-editor.php?plugin=multiai-chatbot%2Fmultiai-chatbot.php&file=multiai-chatbot%2Fscripts%2Fcheck-namespace.sh
scripts/lib/pomo/streams.php,173,16,ERROR,WordPress.WP.AlternativeFunctions.file_system_operations_fopen,"File operations should use WP_Filesystem methods instead of direct PHP filesystem calls. Found: fopen().",,5,https://wordpress.misistema.com.co/wp-admin/plugin-editor.php?plugin=multiai-chatbot%2Fmultiai-chatbot.php&file=multiai-chatbot%2Fscripts%2Flib%2Fpomo%2Fstreams.php&line=173
scripts/lib/pomo/streams.php,193,11,ERROR,WordPress.WP.AlternativeFunctions.file_system_operations_fread,"File operations should use WP_Filesystem methods instead of direct PHP filesystem calls. Found: fread().",,5,https://wordpress.misistema.com.co/wp-admin/plugin-editor.php?plugin=multiai-chatbot%2Fmultiai-chatbot.php&file=multiai-chatbot%2Fscripts%2Flib%2Fpomo%2Fstreams.php&line=193
scripts/lib/pomo/streams.php,226,11,ERROR,WordPress.WP.AlternativeFunctions.file_system_operations_fclose,"File operations should use WP_Filesystem methods instead of direct PHP filesystem calls. Found: fclose().",,5,https://wordpress.misistema.com.co/wp-admin/plugin-editor.php?plugin=multiai-chatbot%2Fmultiai-chatbot.php&file=multiai-chatbot%2Fscripts%2Flib%2Fpomo%2Fstreams.php&line=226
scripts/lib/pomo/po.php,17,13,WARNING,WordPress.NamingConventions.PrefixAllGlobals.NonPrefixedConstantFound,"Global constants defined by a theme/plugin should start with the theme/plugin prefix. Found: &quot;PO_MAX_LINE_LEN&quot;.",,6,https://wordpress.misistema.com.co/wp-admin/plugin-editor.php?plugin=multiai-chatbot%2Fmultiai-chatbot.php&file=multiai-chatbot%2Fscripts%2Flib%2Fpomo%2Fpo.php&line=17
scripts/lib/pomo/po.php,28,2,WARNING,Squiz.PHP.DiscouragedFunctions.Discouraged,"The use of function ini_set() is discouraged",,5,https://wordpress.misistema.com.co/wp-admin/plugin-editor.php?plugin=multiai-chatbot%2Fmultiai-chatbot.php&file=multiai-chatbot%2Fscripts%2Flib%2Fpomo%2Fpo.php&line=28
scripts/lib/pomo/po.php,34,5,WARNING,WordPress.NamingConventions.PrefixAllGlobals.NonPrefixedClassFound,"Classes declared by a theme/plugin should start with the theme/plugin prefix. Found: &quot;PO&quot;.",,6,https://wordpress.misistema.com.co/wp-admin/plugin-editor.php?plugin=multiai-chatbot%2Fmultiai-chatbot.php&file=multiai-chatbot%2Fscripts%2Flib%2Fpomo%2Fpo.php&line=34
scripts/lib/pomo/po.php,91,10,ERROR,WordPress.WP.AlternativeFunctions.file_system_operations_fopen,"File operations should use WP_Filesystem methods instead of direct PHP filesystem calls. Found: fopen().",,5,https://wordpress.misistema.com.co/wp-admin/plugin-editor.php?plugin=multiai-chatbot%2Fmultiai-chatbot.php&file=multiai-chatbot%2Fscripts%2Flib%2Fpomo%2Fpo.php&line=91
scripts/lib/pomo/po.php,96,14,ERROR,WordPress.WP.AlternativeFunctions.file_system_operations_fwrite,"File operations should use WP_Filesystem methods instead of direct PHP filesystem calls. Found: fwrite().",,5,https://wordpress.misistema.com.co/wp-admin/plugin-editor.php?plugin=multiai-chatbot%2Fmultiai-chatbot.php&file=multiai-chatbot%2Fscripts%2Flib%2Fpomo%2Fpo.php&line=96
scripts/lib/pomo/po.php,100,11,ERROR,WordPress.WP.AlternativeFunctions.file_system_operations_fclose,"File operations should use WP_Filesystem methods instead of direct PHP filesystem calls. Found: fclose().",,5,https://wordpress.misistema.com.co/wp-admin/plugin-editor.php?plugin=multiai-chatbot%2Fmultiai-chatbot.php&file=multiai-chatbot%2Fscripts%2Flib%2Fpomo%2Fpo.php&line=100
scripts/lib/pomo/po.php,301,9,ERROR,WordPress.WP.AlternativeFunctions.file_system_operations_fopen,"File operations should use WP_Filesystem methods instead of direct PHP filesystem calls. Found: fopen().",,5,https://wordpress.misistema.com.co/wp-admin/plugin-editor.php?plugin=multiai-chatbot%2Fmultiai-chatbot.php&file=multiai-chatbot%2Fscripts%2Flib%2Fpomo%2Fpo.php&line=301
scripts/lib/pomo/mo.php,66,10,ERROR,WordPress.WP.AlternativeFunctions.file_system_operations_fopen,"File operations should use WP_Filesystem methods instead of direct PHP filesystem calls. Found: fopen().",,5,https://wordpress.misistema.com.co/wp-admin/plugin-editor.php?plugin=multiai-chatbot%2Fmultiai-chatbot.php&file=multiai-chatbot%2Fscripts%2Flib%2Fpomo%2Fmo.php&line=66
scripts/lib/pomo/mo.php,71,4,ERROR,WordPress.WP.AlternativeFunctions.file_system_operations_fclose,"File operations should use WP_Filesystem methods instead of direct PHP filesystem calls. Found: fclose().",,5,https://wordpress.misistema.com.co/wp-admin/plugin-editor.php?plugin=multiai-chatbot%2Fmultiai-chatbot.php&file=multiai-chatbot%2Fscripts%2Flib%2Fpomo%2Fmo.php&line=71
scripts/lib/pomo/mo.php,79,14,ERROR,WordPress.WP.AlternativeFunctions.file_system_operations_fopen,"File operations should use WP_Filesystem methods instead of direct PHP filesystem calls. Found: fopen().",,5,https://wordpress.misistema.com.co/wp-admin/plugin-editor.php?plugin=multiai-chatbot%2Fmultiai-chatbot.php&file=multiai-chatbot%2Fscripts%2Flib%2Fpomo%2Fmo.php&line=79
scripts/lib/pomo/mo.php,119,4,ERROR,WordPress.WP.AlternativeFunctions.file_system_operations_fwrite,"File operations should use WP_Filesystem methods instead of direct PHP filesystem calls. Found: fwrite().",,5,https://wordpress.misistema.com.co/wp-admin/plugin-editor.php?plugin=multiai-chatbot%2Fmultiai-chatbot.php&file=multiai-chatbot%2Fscripts%2Flib%2Fpomo%2Fmo.php&line=119
scripts/lib/pomo/mo.php,135,4,ERROR,WordPress.WP.AlternativeFunctions.file_system_operations_fwrite,"File operations should use WP_Filesystem methods instead of direct PHP filesystem calls. Found: fwrite().",,5,https://wordpress.misistema.com.co/wp-admin/plugin-editor.php?plugin=multiai-chatbot%2Fmultiai-chatbot.php&file=multiai-chatbot%2Fscripts%2Flib%2Fpomo%2Fmo.php&line=135
scripts/lib/pomo/mo.php,144,5,ERROR,WordPress.WP.AlternativeFunctions.file_system_operations_fwrite,"File operations should use WP_Filesystem methods instead of direct PHP filesystem calls. Found: fwrite().",,5,https://wordpress.misistema.com.co/wp-admin/plugin-editor.php?plugin=multiai-chatbot%2Fmultiai-chatbot.php&file=multiai-chatbot%2Fscripts%2Flib%2Fpomo%2Fmo.php&line=144
scripts/lib/pomo/mo.php,149,4,ERROR,WordPress.WP.AlternativeFunctions.file_system_operations_fwrite,"File operations should use WP_Filesystem methods instead of direct PHP filesystem calls. Found: fwrite().",,5,https://wordpress.misistema.com.co/wp-admin/plugin-editor.php?plugin=multiai-chatbot%2Fmultiai-chatbot.php&file=multiai-chatbot%2Fscripts%2Flib%2Fpomo%2Fmo.php&line=149
scripts/lib/pomo/mo.php,156,5,ERROR,WordPress.WP.AlternativeFunctions.file_system_operations_fwrite,"File operations should use WP_Filesystem methods instead of direct PHP filesystem calls. Found: fwrite().",,5,https://wordpress.misistema.com.co/wp-admin/plugin-editor.php?plugin=multiai-chatbot%2Fmultiai-chatbot.php&file=multiai-chatbot%2Fscripts%2Flib%2Fpomo%2Fmo.php&line=156
scripts/lib/pomo/mo.php,160,4,ERROR,WordPress.WP.AlternativeFunctions.file_system_operations_fwrite,"File operations should use WP_Filesystem methods instead of direct PHP filesystem calls. Found: fwrite().",,5,https://wordpress.misistema.com.co/wp-admin/plugin-editor.php?plugin=multiai-chatbot%2Fmultiai-chatbot.php&file=multiai-chatbot%2Fscripts%2Flib%2Fpomo%2Fmo.php&line=160
scripts/lib/pomo/mo.php,161,4,ERROR,WordPress.WP.AlternativeFunctions.file_system_operations_fwrite,"File operations should use WP_Filesystem methods instead of direct PHP filesystem calls. Found: fwrite().",,5,https://wordpress.misistema.com.co/wp-admin/plugin-editor.php?plugin=multiai-chatbot%2Fmultiai-chatbot.php&file=multiai-chatbot%2Fscripts%2Flib%2Fpomo%2Fmo.php&line=161
scripts/compile-languages.php,16,1,WARNING,WordPress.NamingConventions.PrefixAllGlobals.NonPrefixedVariableFound,"Global variables defined by a theme/plugin should start with the theme/plugin prefix. Found: &quot;$root&quot;.",,6,https://wordpress.misistema.com.co/wp-admin/plugin-editor.php?plugin=multiai-chatbot%2Fmultiai-chatbot.php&file=multiai-chatbot%2Fscripts%2Fcompile-languages.php&line=16
scripts/compile-languages.php,17,1,WARNING,WordPress.NamingConventions.PrefixAllGlobals.NonPrefixedVariableFound,"Global variables defined by a theme/plugin should start with the theme/plugin prefix. Found: &quot;$lang_dir&quot;.",,6,https://wordpress.misistema.com.co/wp-admin/plugin-editor.php?plugin=multiai-chatbot%2Fmultiai-chatbot.php&file=multiai-chatbot%2Fscripts%2Fcompile-languages.php&line=17
scripts/compile-languages.php,22,1,WARNING,WordPress.NamingConventions.PrefixAllGlobals.NonPrefixedVariableFound,"Global variables defined by a theme/plugin should start with the theme/plugin prefix. Found: &quot;$files&quot;.",,6,https://wordpress.misistema.com.co/wp-admin/plugin-editor.php?plugin=multiai-chatbot%2Fmultiai-chatbot.php&file=multiai-chatbot%2Fscripts%2Fcompile-languages.php&line=22
scripts/compile-languages.php,24,2,ERROR,WordPress.WP.AlternativeFunctions.file_system_operations_fwrite,"File operations should use WP_Filesystem methods instead of direct PHP filesystem calls. Found: fwrite().",,5,https://wordpress.misistema.com.co/wp-admin/plugin-editor.php?plugin=multiai-chatbot%2Fmultiai-chatbot.php&file=multiai-chatbot%2Fscripts%2Fcompile-languages.php&line=24
scripts/compile-languages.php,28,21,WARNING,WordPress.NamingConventions.PrefixAllGlobals.NonPrefixedVariableFound,"Global variables defined by a theme/plugin should start with the theme/plugin prefix. Found: &quot;$po_path&quot;.",,6,https://wordpress.misistema.com.co/wp-admin/plugin-editor.php?plugin=multiai-chatbot%2Fmultiai-chatbot.php&file=multiai-chatbot%2Fscripts%2Fcompile-languages.php&line=28
scripts/compile-languages.php,29,5,WARNING,WordPress.NamingConventions.PrefixAllGlobals.NonPrefixedVariableFound,"Global variables defined by a theme/plugin should start with the theme/plugin prefix. Found: &quot;$mo_path&quot;.",,6,https://wordpress.misistema.com.co/wp-admin/plugin-editor.php?plugin=multiai-chatbot%2Fmultiai-chatbot.php&file=multiai-chatbot%2Fscripts%2Fcompile-languages.php&line=29
scripts/compile-languages.php,30,5,WARNING,WordPress.NamingConventions.PrefixAllGlobals.NonPrefixedVariableFound,"Global variables defined by a theme/plugin should start with the theme/plugin prefix. Found: &quot;$po&quot;.",,6,https://wordpress.misistema.com.co/wp-admin/plugin-editor.php?plugin=multiai-chatbot%2Fmultiai-chatbot.php&file=multiai-chatbot%2Fscripts%2Fcompile-languages.php&line=30
scripts/compile-languages.php,32,3,ERROR,WordPress.WP.AlternativeFunctions.file_system_operations_fwrite,"File operations should use WP_Filesystem methods instead of direct PHP filesystem calls. Found: fwrite().",,5,https://wordpress.misistema.com.co/wp-admin/plugin-editor.php?plugin=multiai-chatbot%2Fmultiai-chatbot.php&file=multiai-chatbot%2Fscripts%2Fcompile-languages.php&line=32
scripts/compile-languages.php,35,5,WARNING,WordPress.NamingConventions.PrefixAllGlobals.NonPrefixedVariableFound,"Global variables defined by a theme/plugin should start with the theme/plugin prefix. Found: &quot;$mo&quot;.",,6,https://wordpress.misistema.com.co/wp-admin/plugin-editor.php?plugin=multiai-chatbot%2Fmultiai-chatbot.php&file=multiai-chatbot%2Fscripts%2Fcompile-languages.php&line=35
scripts/compile-languages.php,40,3,ERROR,WordPress.WP.AlternativeFunctions.file_system_operations_fwrite,"File operations should use WP_Filesystem methods instead of direct PHP filesystem calls. Found: fwrite().",,5,https://wordpress.misistema.com.co/wp-admin/plugin-editor.php?plugin=multiai-chatbot%2Fmultiai-chatbot.php&file=multiai-chatbot%2Fscripts%2Fcompile-languages.php&line=40
readme.txt,0,0,ERROR,outdated_tested_upto_header,"Tested up to: 6.9 < 7.0. The ""Tested up to"" value in your plugin is not set to the current version of WordPress. This means your plugin will not show up in searches, as we require plugins to be compatible and documented as tested up to the most recent version of WordPress.",https://developer.wordpress.org/plugins/wordpress-org/how-your-readme-txt-works/#readme-header-information,7,https://wordpress.misistema.com.co/wp-admin/plugin-editor.php?plugin=multiai-chatbot%2Fmultiai-chatbot.php&file=multiai-chatbot%2Freadme.txt
.github,0,0,WARNING,github_directory,"GitHub workflow directory "".github"" detected. This directory should not be included in production plugins.",,9,
includes/telemetry.php,146,9,WARNING,WordPress.DB.DirectDatabaseQuery.DirectQuery,"Use of a direct database call is discouraged.",,5,https://wordpress.misistema.com.co/wp-admin/plugin-editor.php?plugin=multiai-chatbot%2Fmultiai-chatbot.php&file=multiai-chatbot%2Fincludes%2Ftelemetry.php&line=146
includes/telemetry.php,220,23,WARNING,WordPress.DB.DirectDatabaseQuery.DirectQuery,"Use of a direct database call is discouraged.",,5,https://wordpress.misistema.com.co/wp-admin/plugin-editor.php?plugin=multiai-chatbot%2Fmultiai-chatbot.php&file=multiai-chatbot%2Fincludes%2Ftelemetry.php&line=220
includes/telemetry.php,220,23,WARNING,WordPress.DB.DirectDatabaseQuery.NoCaching,"Direct database call without caching detected. Consider using wp_cache_get() / wp_cache_set() or wp_cache_delete().",,5,https://wordpress.misistema.com.co/wp-admin/plugin-editor.php?plugin=multiai-chatbot%2Fmultiai-chatbot.php&file=multiai-chatbot%2Fincludes%2Ftelemetry.php&line=220
includes/telemetry.php,223,23,WARNING,WordPress.DB.DirectDatabaseQuery.DirectQuery,"Use of a direct database call is discouraged.",,5,https://wordpress.misistema.com.co/wp-admin/plugin-editor.php?plugin=multiai-chatbot%2Fmultiai-chatbot.php&file=multiai-chatbot%2Fincludes%2Ftelemetry.php&line=223
includes/telemetry.php,223,23,WARNING,WordPress.DB.DirectDatabaseQuery.NoCaching,"Direct database call without caching detected. Consider using wp_cache_get() / wp_cache_set() or wp_cache_delete().",,5,https://wordpress.misistema.com.co/wp-admin/plugin-editor.php?plugin=multiai-chatbot%2Fmultiai-chatbot.php&file=multiai-chatbot%2Fincludes%2Ftelemetry.php&line=223
includes/telemetry.php,252,35,WARNING,WordPress.DB.DirectDatabaseQuery.DirectQuery,"Use of a direct database call is discouraged.",,5,https://wordpress.misistema.com.co/wp-admin/plugin-editor.php?plugin=multiai-chatbot%2Fmultiai-chatbot.php&file=multiai-chatbot%2Fincludes%2Ftelemetry.php&line=252
includes/telemetry.php,252,35,WARNING,WordPress.DB.DirectDatabaseQuery.NoCaching,"Direct database call without caching detected. Consider using wp_cache_get() / wp_cache_set() or wp_cache_delete().",,5,https://wordpress.misistema.com.co/wp-admin/plugin-editor.php?plugin=multiai-chatbot%2Fmultiai-chatbot.php&file=multiai-chatbot%2Fincludes%2Ftelemetry.php&line=252
includes/telemetry.php,255,35,WARNING,WordPress.DB.DirectDatabaseQuery.DirectQuery,"Use of a direct database call is discouraged.",,5,https://wordpress.misistema.com.co/wp-admin/plugin-editor.php?plugin=multiai-chatbot%2Fmultiai-chatbot.php&file=multiai-chatbot%2Fincludes%2Ftelemetry.php&line=255
includes/telemetry.php,255,35,WARNING,WordPress.DB.DirectDatabaseQuery.NoCaching,"Direct database call without caching detected. Consider using wp_cache_get() / wp_cache_set() or wp_cache_delete().",,5,https://wordpress.misistema.com.co/wp-admin/plugin-editor.php?plugin=multiai-chatbot%2Fmultiai-chatbot.php&file=multiai-chatbot%2Fincludes%2Ftelemetry.php&line=255
includes/telemetry.php,275,28,WARNING,WordPress.DB.DirectDatabaseQuery.DirectQuery,"Use of a direct database call is discouraged.",,5,https://wordpress.misistema.com.co/wp-admin/plugin-editor.php?plugin=multiai-chatbot%2Fmultiai-chatbot.php&file=multiai-chatbot%2Fincludes%2Ftelemetry.php&line=275
includes/telemetry.php,275,28,WARNING,WordPress.DB.DirectDatabaseQuery.NoCaching,"Direct database call without caching detected. Consider using wp_cache_get() / wp_cache_set() or wp_cache_delete().",,5,https://wordpress.misistema.com.co/wp-admin/plugin-editor.php?plugin=multiai-chatbot%2Fmultiai-chatbot.php&file=multiai-chatbot%2Fincludes%2Ftelemetry.php&line=275
includes/telemetry.php,278,28,WARNING,WordPress.DB.DirectDatabaseQuery.DirectQuery,"Use of a direct database call is discouraged.",,5,https://wordpress.misistema.com.co/wp-admin/plugin-editor.php?plugin=multiai-chatbot%2Fmultiai-chatbot.php&file=multiai-chatbot%2Fincludes%2Ftelemetry.php&line=278
includes/telemetry.php,278,28,WARNING,WordPress.DB.DirectDatabaseQuery.NoCaching,"Direct database call without caching detected. Consider using wp_cache_get() / wp_cache_set() or wp_cache_delete().",,5,https://wordpress.misistema.com.co/wp-admin/plugin-editor.php?plugin=multiai-chatbot%2Fmultiai-chatbot.php&file=multiai-chatbot%2Fincludes%2Ftelemetry.php&line=278
includes/telemetry.php,290,22,WARNING,WordPress.DB.DirectDatabaseQuery.DirectQuery,"Use of a direct database call is discouraged.",,5,https://wordpress.misistema.com.co/wp-admin/plugin-editor.php?plugin=multiai-chatbot%2Fmultiai-chatbot.php&file=multiai-chatbot%2Fincludes%2Ftelemetry.php&line=290
includes/telemetry.php,290,22,WARNING,WordPress.DB.DirectDatabaseQuery.NoCaching,"Direct database call without caching detected. Consider using wp_cache_get() / wp_cache_set() or wp_cache_delete().",,5,https://wordpress.misistema.com.co/wp-admin/plugin-editor.php?plugin=multiai-chatbot%2Fmultiai-chatbot.php&file=multiai-chatbot%2Fincludes%2Ftelemetry.php&line=290
includes/telemetry.php,319,21,WARNING,WordPress.DB.DirectDatabaseQuery.DirectQuery,"Use of a direct database call is discouraged.",,5,https://wordpress.misistema.com.co/wp-admin/plugin-editor.php?plugin=multiai-chatbot%2Fmultiai-chatbot.php&file=multiai-chatbot%2Fincludes%2Ftelemetry.php&line=319
includes/telemetry.php,319,21,WARNING,WordPress.DB.DirectDatabaseQuery.NoCaching,"Direct database call without caching detected. Consider using wp_cache_get() / wp_cache_set() or wp_cache_delete().",,5,https://wordpress.misistema.com.co/wp-admin/plugin-editor.php?plugin=multiai-chatbot%2Fmultiai-chatbot.php&file=multiai-chatbot%2Fincludes%2Ftelemetry.php&line=319
includes/telemetry.php,322,21,WARNING,WordPress.DB.DirectDatabaseQuery.DirectQuery,"Use of a direct database call is discouraged.",,5,https://wordpress.misistema.com.co/wp-admin/plugin-editor.php?plugin=multiai-chatbot%2Fmultiai-chatbot.php&file=multiai-chatbot%2Fincludes%2Ftelemetry.php&line=322
includes/telemetry.php,322,21,WARNING,WordPress.DB.DirectDatabaseQuery.NoCaching,"Direct database call without caching detected. Consider using wp_cache_get() / wp_cache_set() or wp_cache_delete().",,5,https://wordpress.misistema.com.co/wp-admin/plugin-editor.php?plugin=multiai-chatbot%2Fmultiai-chatbot.php&file=multiai-chatbot%2Fincludes%2Ftelemetry.php&line=322
includes/telemetry.php,345,17,WARNING,WordPress.DB.DirectDatabaseQuery.DirectQuery,"Use of a direct database call is discouraged.",,5,https://wordpress.misistema.com.co/wp-admin/plugin-editor.php?plugin=multiai-chatbot%2Fmultiai-chatbot.php&file=multiai-chatbot%2Fincludes%2Ftelemetry.php&line=345
includes/telemetry.php,345,17,WARNING,WordPress.DB.DirectDatabaseQuery.NoCaching,"Direct database call without caching detected. Consider using wp_cache_get() / wp_cache_set() or wp_cache_delete().",,5,https://wordpress.misistema.com.co/wp-admin/plugin-editor.php?plugin=multiai-chatbot%2Fmultiai-chatbot.php&file=multiai-chatbot%2Fincludes%2Ftelemetry.php&line=345
includes/telemetry.php,362,26,WARNING,WordPress.DB.DirectDatabaseQuery.DirectQuery,"Use of a direct database call is discouraged.",,5,https://wordpress.misistema.com.co/wp-admin/plugin-editor.php?plugin=multiai-chatbot%2Fmultiai-chatbot.php&file=multiai-chatbot%2Fincludes%2Ftelemetry.php&line=362
includes/telemetry.php,362,26,WARNING,WordPress.DB.DirectDatabaseQuery.NoCaching,"Direct database call without caching detected. Consider using wp_cache_get() / wp_cache_set() or wp_cache_delete().",,5,https://wordpress.misistema.com.co/wp-admin/plugin-editor.php?plugin=multiai-chatbot%2Fmultiai-chatbot.php&file=multiai-chatbot%2Fincludes%2Ftelemetry.php&line=362
includes/telemetry.php,366,22,WARNING,WordPress.DB.DirectDatabaseQuery.DirectQuery,"Use of a direct database call is discouraged.",,5,https://wordpress.misistema.com.co/wp-admin/plugin-editor.php?plugin=multiai-chatbot%2Fmultiai-chatbot.php&file=multiai-chatbot%2Fincludes%2Ftelemetry.php&line=366
includes/telemetry.php,366,22,WARNING,WordPress.DB.DirectDatabaseQuery.NoCaching,"Direct database call without caching detected. Consider using wp_cache_get() / wp_cache_set() or wp_cache_delete().",,5,https://wordpress.misistema.com.co/wp-admin/plugin-editor.php?plugin=multiai-chatbot%2Fmultiai-chatbot.php&file=multiai-chatbot%2Fincludes%2Ftelemetry.php&line=366
includes/telemetry.php,382,21,WARNING,WordPress.DB.DirectDatabaseQuery.DirectQuery,"Use of a direct database call is discouraged.",,5,https://wordpress.misistema.com.co/wp-admin/plugin-editor.php?plugin=multiai-chatbot%2Fmultiai-chatbot.php&file=multiai-chatbot%2Fincludes%2Ftelemetry.php&line=382
includes/telemetry.php,382,21,WARNING,WordPress.DB.DirectDatabaseQuery.NoCaching,"Direct database call without caching detected. Consider using wp_cache_get() / wp_cache_set() or wp_cache_delete().",,5,https://wordpress.misistema.com.co/wp-admin/plugin-editor.php?plugin=multiai-chatbot%2Fmultiai-chatbot.php&file=multiai-chatbot%2Fincludes%2Ftelemetry.php&line=382
includes/telemetry.php,385,21,WARNING,WordPress.DB.DirectDatabaseQuery.DirectQuery,"Use of a direct database call is discouraged.",,5,https://wordpress.misistema.com.co/wp-admin/plugin-editor.php?plugin=multiai-chatbot%2Fmultiai-chatbot.php&file=multiai-chatbot%2Fincludes%2Ftelemetry.php&line=385
includes/telemetry.php,385,21,WARNING,WordPress.DB.DirectDatabaseQuery.NoCaching,"Direct database call without caching detected. Consider using wp_cache_get() / wp_cache_set() or wp_cache_delete().",,5,https://wordpress.misistema.com.co/wp-admin/plugin-editor.php?plugin=multiai-chatbot%2Fmultiai-chatbot.php&file=multiai-chatbot%2Fincludes%2Ftelemetry.php&line=385
includes/telemetry.php,404,21,WARNING,WordPress.DB.DirectDatabaseQuery.DirectQuery,"Use of a direct database call is discouraged.",,5,https://wordpress.misistema.com.co/wp-admin/plugin-editor.php?plugin=multiai-chatbot%2Fmultiai-chatbot.php&file=multiai-chatbot%2Fincludes%2Ftelemetry.php&line=404
includes/telemetry.php,404,21,WARNING,WordPress.DB.DirectDatabaseQuery.NoCaching,"Direct database call without caching detected. Consider using wp_cache_get() / wp_cache_set() or wp_cache_delete().",,5,https://wordpress.misistema.com.co/wp-admin/plugin-editor.php?plugin=multiai-chatbot%2Fmultiai-chatbot.php&file=multiai-chatbot%2Fincludes%2Ftelemetry.php&line=404
includes/telemetry.php,407,21,WARNING,WordPress.DB.DirectDatabaseQuery.DirectQuery,"Use of a direct database call is discouraged.",,5,https://wordpress.misistema.com.co/wp-admin/plugin-editor.php?plugin=multiai-chatbot%2Fmultiai-chatbot.php&file=multiai-chatbot%2Fincludes%2Ftelemetry.php&line=407
includes/telemetry.php,407,21,WARNING,WordPress.DB.DirectDatabaseQuery.NoCaching,"Direct database call without caching detected. Consider using wp_cache_get() / wp_cache_set() or wp_cache_delete().",,5,https://wordpress.misistema.com.co/wp-admin/plugin-editor.php?plugin=multiai-chatbot%2Fmultiai-chatbot.php&file=multiai-chatbot%2Fincludes%2Ftelemetry.php&line=407
includes/telemetry.php,506,26,WARNING,WordPress.DB.DirectDatabaseQuery.DirectQuery,"Use of a direct database call is discouraged.",,5,https://wordpress.misistema.com.co/wp-admin/plugin-editor.php?plugin=multiai-chatbot%2Fmultiai-chatbot.php&file=multiai-chatbot%2Fincludes%2Ftelemetry.php&line=506
includes/telemetry.php,506,26,WARNING,WordPress.DB.DirectDatabaseQuery.NoCaching,"Direct database call without caching detected. Consider using wp_cache_get() / wp_cache_set() or wp_cache_delete().",,5,https://wordpress.misistema.com.co/wp-admin/plugin-editor.php?plugin=multiai-chatbot%2Fmultiai-chatbot.php&file=multiai-chatbot%2Fincludes%2Ftelemetry.php&line=506
includes/telemetry.php,508,5,WARNING,WordPress.DB.PreparedSQL.InterpolatedNotPrepared,"Use placeholders and $wpdb-&gt;prepare(); found interpolated variable {$table} at &quot;DELETE FROM {$table} WHERE created_at &lt; %s&quot;",,5,https://wordpress.misistema.com.co/wp-admin/plugin-editor.php?plugin=multiai-chatbot%2Fmultiai-chatbot.php&file=multiai-chatbot%2Fincludes%2Ftelemetry.php&line=508
includes/chat-history.php,105,23,WARNING,WordPress.DB.DirectDatabaseQuery.DirectQuery,"Use of a direct database call is discouraged.",,5,https://wordpress.misistema.com.co/wp-admin/plugin-editor.php?plugin=multiai-chatbot%2Fmultiai-chatbot.php&file=multiai-chatbot%2Fincludes%2Fchat-history.php&line=105
includes/chat-history.php,105,23,WARNING,WordPress.DB.DirectDatabaseQuery.NoCaching,"Direct database call without caching detected. Consider using wp_cache_get() / wp_cache_set() or wp_cache_delete().",,5,https://wordpress.misistema.com.co/wp-admin/plugin-editor.php?plugin=multiai-chatbot%2Fmultiai-chatbot.php&file=multiai-chatbot%2Fincludes%2Fchat-history.php&line=105
includes/chat-history.php,107,5,WARNING,WordPress.DB.PreparedSQL.InterpolatedNotPrepared,"Use placeholders and $wpdb-&gt;prepare(); found interpolated variable {$table} at &quot;SELECT id FROM {$table} WHERE public_id = %s LIMIT 1&quot;",,5,https://wordpress.misistema.com.co/wp-admin/plugin-editor.php?plugin=multiai-chatbot%2Fmultiai-chatbot.php&file=multiai-chatbot%2Fincludes%2Fchat-history.php&line=107
includes/chat-history.php,136,23,WARNING,WordPress.DB.DirectDatabaseQuery.DirectQuery,"Use of a direct database call is discouraged.",,5,https://wordpress.misistema.com.co/wp-admin/plugin-editor.php?plugin=multiai-chatbot%2Fmultiai-chatbot.php&file=multiai-chatbot%2Fincludes%2Fchat-history.php&line=136
includes/chat-history.php,136,23,WARNING,WordPress.DB.DirectDatabaseQuery.NoCaching,"Direct database call without caching detected. Consider using wp_cache_get() / wp_cache_set() or wp_cache_delete().",,5,https://wordpress.misistema.com.co/wp-admin/plugin-editor.php?plugin=multiai-chatbot%2Fmultiai-chatbot.php&file=multiai-chatbot%2Fincludes%2Fchat-history.php&line=136
includes/chat-history.php,138,6,WARNING,WordPress.DB.PreparedSQL.InterpolatedNotPrepared,"Use placeholders and $wpdb-&gt;prepare(); found interpolated variable {$table} at &quot;SELECT id, public_id FROM {$table}\n",,5,https://wordpress.misistema.com.co/wp-admin/plugin-editor.php?plugin=multiai-chatbot%2Fmultiai-chatbot.php&file=multiai-chatbot%2Fincludes%2Fchat-history.php&line=138
includes/chat-history.php,157,9,WARNING,WordPress.DB.DirectDatabaseQuery.DirectQuery,"Use of a direct database call is discouraged.",,5,https://wordpress.misistema.com.co/wp-admin/plugin-editor.php?plugin=multiai-chatbot%2Fmultiai-chatbot.php&file=multiai-chatbot%2Fincludes%2Fchat-history.php&line=157
includes/chat-history.php,192,20,WARNING,WordPress.DB.DirectDatabaseQuery.DirectQuery,"Use of a direct database call is discouraged.",,5,https://wordpress.misistema.com.co/wp-admin/plugin-editor.php?plugin=multiai-chatbot%2Fmultiai-chatbot.php&file=multiai-chatbot%2Fincludes%2Fchat-history.php&line=192
includes/chat-history.php,192,20,WARNING,WordPress.DB.DirectDatabaseQuery.NoCaching,"Direct database call without caching detected. Consider using wp_cache_get() / wp_cache_set() or wp_cache_delete().",,5,https://wordpress.misistema.com.co/wp-admin/plugin-editor.php?plugin=multiai-chatbot%2Fmultiai-chatbot.php&file=multiai-chatbot%2Fincludes%2Fchat-history.php&line=192
includes/chat-history.php,194,6,WARNING,WordPress.DB.PreparedSQL.InterpolatedNotPrepared,"Use placeholders and $wpdb-&gt;prepare(); found interpolated variable {$table} at &quot;SELECT * FROM {$table} WHERE id = %d LIMIT 1&quot;",,5,https://wordpress.misistema.com.co/wp-admin/plugin-editor.php?plugin=multiai-chatbot%2Fmultiai-chatbot.php&file=multiai-chatbot%2Fincludes%2Fchat-history.php&line=194
includes/chat-history.php,203,20,WARNING,WordPress.DB.DirectDatabaseQuery.DirectQuery,"Use of a direct database call is discouraged.",,5,https://wordpress.misistema.com.co/wp-admin/plugin-editor.php?plugin=multiai-chatbot%2Fmultiai-chatbot.php&file=multiai-chatbot%2Fincludes%2Fchat-history.php&line=203
includes/chat-history.php,203,20,WARNING,WordPress.DB.DirectDatabaseQuery.NoCaching,"Direct database call without caching detected. Consider using wp_cache_get() / wp_cache_set() or wp_cache_delete().",,5,https://wordpress.misistema.com.co/wp-admin/plugin-editor.php?plugin=multiai-chatbot%2Fmultiai-chatbot.php&file=multiai-chatbot%2Fincludes%2Fchat-history.php&line=203
includes/chat-history.php,205,6,WARNING,WordPress.DB.PreparedSQL.InterpolatedNotPrepared,"Use placeholders and $wpdb-&gt;prepare(); found interpolated variable {$table} at &quot;SELECT * FROM {$table} WHERE public_id = %s LIMIT 1&quot;",,5,https://wordpress.misistema.com.co/wp-admin/plugin-editor.php?plugin=multiai-chatbot%2Fmultiai-chatbot.php&file=multiai-chatbot%2Fincludes%2Fchat-history.php&line=205
includes/chat-history.php,235,9,WARNING,WordPress.DB.DirectDatabaseQuery.DirectQuery,"Use of a direct database call is discouraged.",,5,https://wordpress.misistema.com.co/wp-admin/plugin-editor.php?plugin=multiai-chatbot%2Fmultiai-chatbot.php&file=multiai-chatbot%2Fincludes%2Fchat-history.php&line=235
includes/chat-history.php,297,9,WARNING,WordPress.DB.DirectDatabaseQuery.DirectQuery,"Use of a direct database call is discouraged.",,5,https://wordpress.misistema.com.co/wp-admin/plugin-editor.php?plugin=multiai-chatbot%2Fmultiai-chatbot.php&file=multiai-chatbot%2Fincludes%2Fchat-history.php&line=297
includes/chat-history.php,297,9,WARNING,WordPress.DB.DirectDatabaseQuery.NoCaching,"Direct database call without caching detected. Consider using wp_cache_get() / wp_cache_set() or wp_cache_delete().",,5,https://wordpress.misistema.com.co/wp-admin/plugin-editor.php?plugin=multiai-chatbot%2Fmultiai-chatbot.php&file=multiai-chatbot%2Fincludes%2Fchat-history.php&line=297
includes/chat-history.php,403,17,WARNING,WordPress.DB.DirectDatabaseQuery.DirectQuery,"Use of a direct database call is discouraged.",,5,https://wordpress.misistema.com.co/wp-admin/plugin-editor.php?plugin=multiai-chatbot%2Fmultiai-chatbot.php&file=multiai-chatbot%2Fincludes%2Fchat-history.php&line=403
includes/chat-history.php,403,17,WARNING,WordPress.DB.DirectDatabaseQuery.NoCaching,"Direct database call without caching detected. Consider using wp_cache_get() / wp_cache_set() or wp_cache_delete().",,5,https://wordpress.misistema.com.co/wp-admin/plugin-editor.php?plugin=multiai-chatbot%2Fmultiai-chatbot.php&file=multiai-chatbot%2Fincludes%2Fchat-history.php&line=403
includes/chat-history.php,423,26,WARNING,WordPress.DB.DirectDatabaseQuery.DirectQuery,"Use of a direct database call is discouraged.",,5,https://wordpress.misistema.com.co/wp-admin/plugin-editor.php?plugin=multiai-chatbot%2Fmultiai-chatbot.php&file=multiai-chatbot%2Fincludes%2Fchat-history.php&line=423
includes/chat-history.php,423,26,WARNING,WordPress.DB.DirectDatabaseQuery.NoCaching,"Direct database call without caching detected. Consider using wp_cache_get() / wp_cache_set() or wp_cache_delete().",,5,https://wordpress.misistema.com.co/wp-admin/plugin-editor.php?plugin=multiai-chatbot%2Fmultiai-chatbot.php&file=multiai-chatbot%2Fincludes%2Fchat-history.php&line=423
includes/chat-history.php,427,22,WARNING,WordPress.DB.DirectDatabaseQuery.DirectQuery,"Use of a direct database call is discouraged.",,5,https://wordpress.misistema.com.co/wp-admin/plugin-editor.php?plugin=multiai-chatbot%2Fmultiai-chatbot.php&file=multiai-chatbot%2Fincludes%2Fchat-history.php&line=427
includes/chat-history.php,427,22,WARNING,WordPress.DB.DirectDatabaseQuery.NoCaching,"Direct database call without caching detected. Consider using wp_cache_get() / wp_cache_set() or wp_cache_delete().",,5,https://wordpress.misistema.com.co/wp-admin/plugin-editor.php?plugin=multiai-chatbot%2Fmultiai-chatbot.php&file=multiai-chatbot%2Fincludes%2Fchat-history.php&line=427
includes/chat-history.php,450,20,WARNING,WordPress.DB.DirectDatabaseQuery.DirectQuery,"Use of a direct database call is discouraged.",,5,https://wordpress.misistema.com.co/wp-admin/plugin-editor.php?plugin=multiai-chatbot%2Fmultiai-chatbot.php&file=multiai-chatbot%2Fincludes%2Fchat-history.php&line=450
includes/chat-history.php,450,20,WARNING,WordPress.DB.DirectDatabaseQuery.NoCaching,"Direct database call without caching detected. Consider using wp_cache_get() / wp_cache_set() or wp_cache_delete().",,5,https://wordpress.misistema.com.co/wp-admin/plugin-editor.php?plugin=multiai-chatbot%2Fmultiai-chatbot.php&file=multiai-chatbot%2Fincludes%2Fchat-history.php&line=450
includes/chat-history.php,453,20,WARNING,WordPress.DB.DirectDatabaseQuery.DirectQuery,"Use of a direct database call is discouraged.",,5,https://wordpress.misistema.com.co/wp-admin/plugin-editor.php?plugin=multiai-chatbot%2Fmultiai-chatbot.php&file=multiai-chatbot%2Fincludes%2Fchat-history.php&line=453
includes/chat-history.php,453,20,WARNING,WordPress.DB.DirectDatabaseQuery.NoCaching,"Direct database call without caching detected. Consider using wp_cache_get() / wp_cache_set() or wp_cache_delete().",,5,https://wordpress.misistema.com.co/wp-admin/plugin-editor.php?plugin=multiai-chatbot%2Fmultiai-chatbot.php&file=multiai-chatbot%2Fincludes%2Fchat-history.php&line=453
includes/chat-history.php,485,21,WARNING,WordPress.DB.DirectDatabaseQuery.DirectQuery,"Use of a direct database call is discouraged.",,5,https://wordpress.misistema.com.co/wp-admin/plugin-editor.php?plugin=multiai-chatbot%2Fmultiai-chatbot.php&file=multiai-chatbot%2Fincludes%2Fchat-history.php&line=485
includes/chat-history.php,485,21,WARNING,WordPress.DB.DirectDatabaseQuery.NoCaching,"Direct database call without caching detected. Consider using wp_cache_get() / wp_cache_set() or wp_cache_delete().",,5,https://wordpress.misistema.com.co/wp-admin/plugin-editor.php?plugin=multiai-chatbot%2Fmultiai-chatbot.php&file=multiai-chatbot%2Fincludes%2Fchat-history.php&line=485
includes/chat-history.php,488,21,WARNING,WordPress.DB.DirectDatabaseQuery.DirectQuery,"Use of a direct database call is discouraged.",,5,https://wordpress.misistema.com.co/wp-admin/plugin-editor.php?plugin=multiai-chatbot%2Fmultiai-chatbot.php&file=multiai-chatbot%2Fincludes%2Fchat-history.php&line=488
includes/chat-history.php,488,21,WARNING,WordPress.DB.DirectDatabaseQuery.NoCaching,"Direct database call without caching detected. Consider using wp_cache_get() / wp_cache_set() or wp_cache_delete().",,5,https://wordpress.misistema.com.co/wp-admin/plugin-editor.php?plugin=multiai-chatbot%2Fmultiai-chatbot.php&file=multiai-chatbot%2Fincludes%2Fchat-history.php&line=488
includes/chat-history.php,536,25,WARNING,WordPress.DB.DirectDatabaseQuery.DirectQuery,"Use of a direct database call is discouraged.",,5,https://wordpress.misistema.com.co/wp-admin/plugin-editor.php?plugin=multiai-chatbot%2Fmultiai-chatbot.php&file=multiai-chatbot%2Fincludes%2Fchat-history.php&line=536
includes/chat-history.php,536,25,WARNING,WordPress.DB.DirectDatabaseQuery.NoCaching,"Direct database call without caching detected. Consider using wp_cache_get() / wp_cache_set() or wp_cache_delete().",,5,https://wordpress.misistema.com.co/wp-admin/plugin-editor.php?plugin=multiai-chatbot%2Fmultiai-chatbot.php&file=multiai-chatbot%2Fincludes%2Fchat-history.php&line=536
includes/chat-history.php,553,16,WARNING,WordPress.DB.DirectDatabaseQuery.DirectQuery,"Use of a direct database call is discouraged.",,5,https://wordpress.misistema.com.co/wp-admin/plugin-editor.php?plugin=multiai-chatbot%2Fmultiai-chatbot.php&file=multiai-chatbot%2Fincludes%2Fchat-history.php&line=553
includes/chat-history.php,553,16,WARNING,WordPress.DB.DirectDatabaseQuery.NoCaching,"Direct database call without caching detected. Consider using wp_cache_get() / wp_cache_set() or wp_cache_delete().",,5,https://wordpress.misistema.com.co/wp-admin/plugin-editor.php?plugin=multiai-chatbot%2Fmultiai-chatbot.php&file=multiai-chatbot%2Fincludes%2Fchat-history.php&line=553
includes/chat-history.php,554,20,WARNING,WordPress.DB.PreparedSQL.InterpolatedNotPrepared,"Use placeholders and $wpdb-&gt;prepare(); found interpolated variable {$table} at &quot;SELECT * FROM {$table} WHERE id = %d&quot;",,5,https://wordpress.misistema.com.co/wp-admin/plugin-editor.php?plugin=multiai-chatbot%2Fmultiai-chatbot.php&file=multiai-chatbot%2Fincludes%2Fchat-history.php&line=554
includes/chat-history.php,573,17,WARNING,WordPress.DB.DirectDatabaseQuery.DirectQuery,"Use of a direct database call is discouraged.",,5,https://wordpress.misistema.com.co/wp-admin/plugin-editor.php?plugin=multiai-chatbot%2Fmultiai-chatbot.php&file=multiai-chatbot%2Fincludes%2Fchat-history.php&line=573
includes/chat-history.php,573,17,WARNING,WordPress.DB.DirectDatabaseQuery.NoCaching,"Direct database call without caching detected. Consider using wp_cache_get() / wp_cache_set() or wp_cache_delete().",,5,https://wordpress.misistema.com.co/wp-admin/plugin-editor.php?plugin=multiai-chatbot%2Fmultiai-chatbot.php&file=multiai-chatbot%2Fincludes%2Fchat-history.php&line=573
includes/chat-history.php,575,5,WARNING,WordPress.DB.PreparedSQL.InterpolatedNotPrepared,"Use placeholders and $wpdb-&gt;prepare(); found interpolated variable {$table} at &quot;SELECT * FROM {$table} WHERE conversation_id = %d ORDER BY created_at ASC, id ASC&quot;",,5,https://wordpress.misistema.com.co/wp-admin/plugin-editor.php?plugin=multiai-chatbot%2Fmultiai-chatbot.php&file=multiai-chatbot%2Fincludes%2Fchat-history.php&line=575
includes/chat-history.php,711,16,WARNING,WordPress.DB.DirectDatabaseQuery.DirectQuery,"Use of a direct database call is discouraged.",,5,https://wordpress.misistema.com.co/wp-admin/plugin-editor.php?plugin=multiai-chatbot%2Fmultiai-chatbot.php&file=multiai-chatbot%2Fincludes%2Fchat-history.php&line=711
includes/chat-history.php,711,16,WARNING,WordPress.DB.DirectDatabaseQuery.NoCaching,"Direct database call without caching detected. Consider using wp_cache_get() / wp_cache_set() or wp_cache_delete().",,5,https://wordpress.misistema.com.co/wp-admin/plugin-editor.php?plugin=multiai-chatbot%2Fmultiai-chatbot.php&file=multiai-chatbot%2Fincludes%2Fchat-history.php&line=711
includes/chat-history.php,713,5,WARNING,WordPress.DB.PreparedSQL.InterpolatedNotPrepared,"Use placeholders and $wpdb-&gt;prepare(); found interpolated variable {$conv_table} at &quot;SELECT id FROM {$conv_table} WHERE updated_at &lt; %s&quot;",,5,https://wordpress.misistema.com.co/wp-admin/plugin-editor.php?plugin=multiai-chatbot%2Fmultiai-chatbot.php&file=multiai-chatbot%2Fincludes%2Fchat-history.php&line=713
includes/chat-history.php,729,35,WARNING,WordPress.DB.DirectDatabaseQuery.DirectQuery,"Use of a direct database call is discouraged.",,5,https://wordpress.misistema.com.co/wp-admin/plugin-editor.php?plugin=multiai-chatbot%2Fmultiai-chatbot.php&file=multiai-chatbot%2Fincludes%2Fchat-history.php&line=729
includes/chat-history.php,729,35,WARNING,WordPress.DB.DirectDatabaseQuery.NoCaching,"Direct database call without caching detected. Consider using wp_cache_get() / wp_cache_set() or wp_cache_delete().",,5,https://wordpress.misistema.com.co/wp-admin/plugin-editor.php?plugin=multiai-chatbot%2Fmultiai-chatbot.php&file=multiai-chatbot%2Fincludes%2Fchat-history.php&line=729
includes/chat-history.php,731,5,WARNING,WordPress.DB.PreparedSQL.InterpolatedNotPrepared,"Use placeholders and $wpdb-&gt;prepare(); found interpolated variable {$msg_table} at &quot;DELETE FROM {$msg_table} WHERE conversation_id IN ({$placeholders})&quot;",,5,https://wordpress.misistema.com.co/wp-admin/plugin-editor.php?plugin=multiai-chatbot%2Fmultiai-chatbot.php&file=multiai-chatbot%2Fincludes%2Fchat-history.php&line=731
includes/chat-history.php,731,5,WARNING,WordPress.DB.PreparedSQL.InterpolatedNotPrepared,"Use placeholders and $wpdb-&gt;prepare(); found interpolated variable {$placeholders} at &quot;DELETE FROM {$msg_table} WHERE conversation_id IN ({$placeholders})&quot;",,5,https://wordpress.misistema.com.co/wp-admin/plugin-editor.php?plugin=multiai-chatbot%2Fmultiai-chatbot.php&file=multiai-chatbot%2Fincludes%2Fchat-history.php&line=731
includes/chat-history.php,731,74,WARNING,WordPress.DB.PreparedSQLPlaceholders.UnfinishedPrepare,"Replacement variables found, but no valid placeholders found in the query.",,5,https://wordpress.misistema.com.co/wp-admin/plugin-editor.php?plugin=multiai-chatbot%2Fmultiai-chatbot.php&file=multiai-chatbot%2Fincludes%2Fchat-history.php&line=731
includes/chat-history.php,737,40,WARNING,WordPress.DB.DirectDatabaseQuery.DirectQuery,"Use of a direct database call is discouraged.",,5,https://wordpress.misistema.com.co/wp-admin/plugin-editor.php?plugin=multiai-chatbot%2Fmultiai-chatbot.php&file=multiai-chatbot%2Fincludes%2Fchat-history.php&line=737
includes/chat-history.php,737,40,WARNING,WordPress.DB.DirectDatabaseQuery.NoCaching,"Direct database call without caching detected. Consider using wp_cache_get() / wp_cache_set() or wp_cache_delete().",,5,https://wordpress.misistema.com.co/wp-admin/plugin-editor.php?plugin=multiai-chatbot%2Fmultiai-chatbot.php&file=multiai-chatbot%2Fincludes%2Fchat-history.php&line=737
includes/chat-history.php,739,5,WARNING,WordPress.DB.PreparedSQL.InterpolatedNotPrepared,"Use placeholders and $wpdb-&gt;prepare(); found interpolated variable {$conv_table} at &quot;DELETE FROM {$conv_table} WHERE id IN ({$placeholders})&quot;",,5,https://wordpress.misistema.com.co/wp-admin/plugin-editor.php?plugin=multiai-chatbot%2Fmultiai-chatbot.php&file=multiai-chatbot%2Fincludes%2Fchat-history.php&line=739
includes/chat-history.php,739,5,WARNING,WordPress.DB.PreparedSQL.InterpolatedNotPrepared,"Use placeholders and $wpdb-&gt;prepare(); found interpolated variable {$placeholders} at &quot;DELETE FROM {$conv_table} WHERE id IN ({$placeholders})&quot;",,5,https://wordpress.misistema.com.co/wp-admin/plugin-editor.php?plugin=multiai-chatbot%2Fmultiai-chatbot.php&file=multiai-chatbot%2Fincludes%2Fchat-history.php&line=739
includes/chat-history.php,739,62,WARNING,WordPress.DB.PreparedSQLPlaceholders.UnfinishedPrepare,"Replacement variables found, but no valid placeholders found in the query.",,5,https://wordpress.misistema.com.co/wp-admin/plugin-editor.php?plugin=multiai-chatbot%2Fmultiai-chatbot.php&file=multiai-chatbot%2Fincludes%2Fchat-history.php&line=739
includes/chat-history.php,761,9,WARNING,WordPress.DB.DirectDatabaseQuery.DirectQuery,"Use of a direct database call is discouraged.",,5,https://wordpress.misistema.com.co/wp-admin/plugin-editor.php?plugin=multiai-chatbot%2Fmultiai-chatbot.php&file=multiai-chatbot%2Fincludes%2Fchat-history.php&line=761
includes/chat-history.php,761,9,WARNING,WordPress.DB.DirectDatabaseQuery.NoCaching,"Direct database call without caching detected. Consider using wp_cache_get() / wp_cache_set() or wp_cache_delete().",,5,https://wordpress.misistema.com.co/wp-admin/plugin-editor.php?plugin=multiai-chatbot%2Fmultiai-chatbot.php&file=multiai-chatbot%2Fincludes%2Fchat-history.php&line=761
includes/chat-history.php,763,20,WARNING,WordPress.DB.DirectDatabaseQuery.DirectQuery,"Use of a direct database call is discouraged.",,5,https://wordpress.misistema.com.co/wp-admin/plugin-editor.php?plugin=multiai-chatbot%2Fmultiai-chatbot.php&file=multiai-chatbot%2Fincludes%2Fchat-history.php&line=763
includes/chat-history.php,763,20,WARNING,WordPress.DB.DirectDatabaseQuery.NoCaching,"Direct database call without caching detected. Consider using wp_cache_get() / wp_cache_set() or wp_cache_delete().",,5,https://wordpress.misistema.com.co/wp-admin/plugin-editor.php?plugin=multiai-chatbot%2Fmultiai-chatbot.php&file=multiai-chatbot%2Fincludes%2Fchat-history.php&line=763
includes/chat-history.php,794,17,WARNING,WordPress.DB.DirectDatabaseQuery.DirectQuery,"Use of a direct database call is discouraged.",,5,https://wordpress.misistema.com.co/wp-admin/plugin-editor.php?plugin=multiai-chatbot%2Fmultiai-chatbot.php&file=multiai-chatbot%2Fincludes%2Fchat-history.php&line=794
includes/chat-history.php,794,17,WARNING,WordPress.DB.DirectDatabaseQuery.NoCaching,"Direct database call without caching detected. Consider using wp_cache_get() / wp_cache_set() or wp_cache_delete().",,5,https://wordpress.misistema.com.co/wp-admin/plugin-editor.php?plugin=multiai-chatbot%2Fmultiai-chatbot.php&file=multiai-chatbot%2Fincludes%2Fchat-history.php&line=794
includes/chat-history.php,862,5,WARNING,WordPress.DB.PreparedSQL.InterpolatedNotPrepared,"Use placeholders and $wpdb-&gt;prepare(); found interpolated variable {$table} at &quot;SELECT id, public_id FROM {$table} WHERE id IN ({$placeholders})&quot;",,5,https://wordpress.misistema.com.co/wp-admin/plugin-editor.php?plugin=multiai-chatbot%2Fmultiai-chatbot.php&file=multiai-chatbot%2Fincludes%2Fchat-history.php&line=862
includes/chat-history.php,862,5,WARNING,WordPress.DB.PreparedSQL.InterpolatedNotPrepared,"Use placeholders and $wpdb-&gt;prepare(); found interpolated variable {$placeholders} at &quot;SELECT id, public_id FROM {$table} WHERE id IN ({$placeholders})&quot;",,5,https://wordpress.misistema.com.co/wp-admin/plugin-editor.php?plugin=multiai-chatbot%2Fmultiai-chatbot.php&file=multiai-chatbot%2Fincludes%2Fchat-history.php&line=862
includes/chat-history.php,862,71,WARNING,WordPress.DB.PreparedSQLPlaceholders.UnfinishedPrepare,"Replacement variables found, but no valid placeholders found in the query.",,5,https://wordpress.misistema.com.co/wp-admin/plugin-editor.php?plugin=multiai-chatbot%2Fmultiai-chatbot.php&file=multiai-chatbot%2Fincludes%2Fchat-history.php&line=862
scripts/lib/pomo/plural-forms.php,20,5,WARNING,WordPress.NamingConventions.PrefixAllGlobals.NonPrefixedFunctionFound,"Functions declared in the global namespace by a theme/plugin should start with the theme/plugin prefix. Found: &quot;esc_html&quot;.",,6,https://wordpress.misistema.com.co/wp-admin/plugin-editor.php?plugin=multiai-chatbot%2Fmultiai-chatbot.php&file=multiai-chatbot%2Fscripts%2Flib%2Fpomo%2Fplural-forms.php&line=20
